,smiles,against_depression
0,CNC1CCC(c2ccccc21)c1cc(Cl)c(Cl)cc1,True
1,CNCCC(Oc1ccc(cc1)C(F)(F)F)c1ccccc1,True
2,CN(C)CCCC1(OCc2cc(ccc12)C#N)c1ccc(F)cc1,True
3,CN(C)CCCN1c2ccccc2CCc2ccc(Cl)cc12,True
4,Cc1cc(C)c(cc1)Sc1ccccc1N1CCNCC1,True
5,O=C1N2C=CC=CC2=NN1CCCN1CCN(CC1)c1cc(Cl)ccc1,True
6,CN1CCN(CC1)C1=Nc2ccccc2Nc2[s]c(C)cc12,True
7,CCNC(C)Cc1cc(ccc1)C(F)(F)F,True
8,Fc1ccc(cc1)C1CCNCC1COc1cc2OCOc2cc1,True
9,COCCCCC(=NOCCN)c1ccc(cc1)C(F)(F)F,True
10,CN(C)CC=C(c1c[n]ccc1)c1ccc(Br)cc1,True
11,CN(C)CCCC1(OCc2cc(ccc12)C#N)c1ccc(F)cc1,True
12,Cl.CNCCC(Oc1ccc(cc1)C(F)(F)F)c1ccccc1,True
13,Cl.CNC1CCC(c2ccccc21)c1cc(Cl)c(Cl)cc1,True
14,Clc1cc2C(=Nc3ccccc3Oc2cc1)N1CCNCC1,True
15,NC(=O)c1cc2cc(ccc2o1)N1CCN(CCCCc2c[nH]c3ccc(cc23)C#N)CC1,True
16,Cl.CN(C)CCCN1c2ccccc2CCc2ccc(Cl)cc12,True
17,COCCCCC(=NOCCN)c1ccc(cc1)C(F)(F)F.OC(=O)C=CC(O)=O,True
18,Cl.O=C1N2C=CC=CC2=NN1CCCN1CCN(CC1)c1cc(Cl)ccc1,True
19,Cl.Fc1ccc(cc1)C1CCNCC1COc1cc2OCOc2cc1,True
20,Br.CN(C)CCCC1(OCc2cc(ccc12)C#N)c1ccc(F)cc1,True
21,Cl.CCNC(C)Cc1cc(ccc1)C(F)(F)F,True
23,CN(C)CCCC1(OCc2cc(ccc12)C#N)c1ccc(F)cc1.OC(=O)C(O)=O,True
24,Br.Cc1cc(C)c(cc1)Sc1ccccc1N1CCNCC1,True
25,CC(N)Cc1cc(ccc1)C(F)(F)F,True
26,CCN1C(=O)N(CCCN2CCN(CC2)c2cc(Cl)ccc2)N=C1CC,True
27,C(CC1CCNCC1)c1c[nH]c2ccccc12,True
28,Cl.CC(C)(Cc1ccc(Cl)cc1)OC(=O)C(C)N,True
29,CC(C)(Cc1ccc(Cl)cc1)OC(=O)C(C)N,True
30,COCCCCC(=NOCCN)c1ccc(cc1)C(F)(F)F.OC(=O)C=CC(O)=O,True
31,Cl.NC(=O)c1cc2cc(ccc2o1)N1CCN(CCCCc2c[nH]c3ccc(cc23)C#N)CC1,True
32,O.Cl.Fc1ccc(cc1)C1CCNCC1COc1cc2OCOc2cc1,True
34,Cl.Cl.CN(C)CC=C(c1c[n]ccc1)c1ccc(Br)cc1,True
35,O.Cl.Cl.CN(C)CC=C(c1c[n]ccc1)c1ccc(Br)cc1,True
36,COCCCCC(=NOCCN)c1ccc(cc1)C(F)(F)F.OC(=O)C=CC(O)=O,True
37,COCCCCC(=NOCCN)c1ccc(cc1)C(F)(F)F.OC(=O)C=CC(O)=O,True
38,COCCCCC(=NOCCN)c1ccc(cc1)C(F)(F)F.OC(=O)C=CC(O)=O,True
39,OC(=O)C=CC(O)=O.Fc1ccc(cc1)C1CCNCC1COc1cc2OCOc2cc1,True
40,COc1ccc(cc1)OCC1CN(C)CCC1c1ccccc1,True
41,CC(N)Cc1cc(ccc1)C(F)(F)F,True
42,COCCCCC(=NOCCN)c1ccc(cc1)C(F)(F)F.OC(=O)C=CC(O)=O,True
43,COCCCCC(=NOCCN)c1ccc(cc1)C(F)(F)F.OC(=O)C=CC(O)=O,True
45,Cl.CN(C)CC=C(c1c[n]ccc1)c1ccc(Br)cc1,True
46,CC(O)=O.Fc1ccc(cc1)C1CCNCC1COc1cc2OCOc2cc1,True
48,Cl.COc1ccc(cc1)OCC1CN(C)CCC1c1ccccc1,True
49,Cl.COc1ccc(cc1)OCC1CN(C)CCC1c1ccccc1,True
50,CCOC(=O)CCCc1[n]c2cc(N)ccc2[n]1C,True
51,CNC1CCC(c2ccccc21)c1cc(Cl)c(Cl)cc1,True
52,Cl.CC(C)(Cc1ccc(Cl)cc1)OC(=O)C(C)N,True
53,Cl.CC(C)(Cc1ccc(Cl)cc1)OC(=O)C(C)N,True
54,[H+].[Br-].CN(C)CCCC1(OCc2cc(ccc12)C#N)c1ccc(F)cc1,True
55,[Cl-].C[NH2+]C1CCC(c2ccccc21)c1cc(Cl)c(Cl)cc1,True
714575,COc1ccc(Cl)cc1C(=O)Nc1ccccc1C(=O)N1CCN(CC1)c1ccccc1,False
686927,CCCCOc1cc(C)c(C)cc1S(=O)(=O)N1CC(C)CCC1,False
147686,O=C(CC=Cc1ccc(F)c(F)c1)c1ccc(Br)cc1,False
861155,O=C(Cc1c[nH]c2cccc(Br)c12)OCC1CC1,False
334328,O=C1C(=NC=CN1c1ccc(F)cc1)SCc1ccc(Cl)cc1,False
695879,Cc1ccc(cc1)-c1c[s]c([n]1)N1NC(C)=C(N=Nc2ccc(cc2)S(N)(=O)=O)C1=O,False
649722,COc1ccccc1C1=CC(=O)N2NC(=NC2=N1)SC,False
79769,Cc1cccc(NC2CC(C)(C)CC(=O)C=2)c1C,False
469316,[O-][N+](=O)c1cc2COCOc2c(COC(=O)c2cccc[n]2)c1,False
416897,Cc1cc(C)c(C(N)=O)c([n]1)SCC(=O)c1cc(C)c(C)cc1C,False
736222,COC1CCCCC1NCCc1ccc(Cl)cc1,False
674251,CC1=CC(O)=C(C(=O)Nc2cc(Cl)c(Cl)cc2)C(=O)N1CCOC,False
302177,COc1cc(ccc1OCc1ccccc1Cl)C=C(C#N)c1[nH]c2ccccc2[n]1,False
795502,COc1ccc(cc1Cl)NC(=O)CSc1ccc(c[n]1)[N+]([O-])=O,False
326217,CC(=O)c1ccc(cc1)S(=O)(=O)NC1CC(=O)N(C1)c1cc(C)c(C)cc1,False
984318,CN1CCN(CC1)N=C(C)C1C(=O)c2ccccc2C1=O,False
206363,CCOC(=O)Cc1[n]c2[n]c(C)cc(C)[n]2[n]1,False
283783,COc1ccc(cc1)-c1c[s]c2N=C(OC(=O)c12)c1ccccc1OC,False
916664,OC1CNCCC1CNCc1ccc(cc1)-c1cccc[n]1,False
946253,CCc1cc(ccc1)NC(=O)N(CC(=O)N(Cc1cc2OCOc2cc1)Cc1ccc[s]1)C1CC1,False
899100,CCN(CC(C)=C)C(=O)CC1C(=O)NCCN1Cc1ccccc1C,False
842988,Cc1cc2[n]c(oc2cc1)-c1cccc(NC(=O)c2ccco2)c1C,False
564551,Cc1cc(ccc1C)C1c2ccc[n]2CCCN1Cc1cc(ccc1)C(F)(F)F,False
711894,COc1ccc(C)cc1NC(=O)COc1ccc(Br)cc1C,False
114522,O=C(CSc1[n]c([n][s]1)-c1ccccc1Cl)Nc1cc2OCOc2cc1,False
359033,CCCN1CCN(CCCNC(=O)C2CN(CCC2)c2[n][n]c([s]2)-[n]2cccc2)CC1,False
46962,Cc1ccc(cc1)NC(=O)CCC(=O)Nc1ccc(C)cc1,False
47516,Cc1cc([n]c2ccc(cc12)NC(=O)C1=CC(=O)c2ccccc2O1)N1CCN(CC1)CC,False
446404,CCOc1ccc(cc1)N1CC(CC1=O)C(=O)Nc1ccc(cc1)S(=O)(=O)Nc1[n]cc[s]1,False
364090,ON=C1C2CN3CC1(CN(C2)CC3)c1ccccc1,False
624673,O=C(C1CN(CCN2CCOCC2)C(=O)CC1)N1CCCCCCC1,False
951331,CN(C)CCCN(C(=O)c1cc(C)o[n]1)c1[n]c2c([s]1)c(C)ccc2OC,False
541972,[O-][N+](=O)c1cc(ccc1S(=O)CC(=O)Oc1ccccc1)S(=O)(=O)C(F)(F)F,False
32052,C[n]1ccc2ccc3c4[nH]c5c(CCNC6CCC(O)CC6)cccc5c4c4C(=O)NC(=O)c4c3c12,False
39986,COc1cc([n]c(NS(=O)(=O)c2ccc(N)cc2)[n]1)OC,False
609306,CCCOP(=O)(OCCC)C(Nc1ccc(Cl)cc1)c1ccc(Br)cc1,False
564807,COc1ccc(CN2CC[n]3[n]c(cc3C2=O)C(=O)NCc2cccc(c2)C(F)(F)F)cc1,False
496644,COc1cc(ccc1NC(=O)CN1C(=O)NC(C)(C2CC2)C1=O)OC,False
606729,CN1c2[n]c3N(CCC[n]3c2C(=O)N(CC=C)C1=O)c1ccc(cc1)OCC,False
774257,CCOC(=O)COc1ccc(cc1)S(=O)(=O)Nc1ccc(cc1)OCc1ccccc1,False
33342,Cc1ccccc1NC(=O)c1cc2ccccc2o1,False
810398,CN1c2[n]c3[n](c2C(=O)N(C(C)C(C)=O)C1=O)c(C)c(C)[n]3-c1cc(Cl)ccc1OC,False
334272,Cl.CCCCCC(=O)Nc1ccc(cc1)S(=O)(=O)Nc1ccc(Cl)[n][n]1,False
294953,CN1c2ccc(Br)cc2C(O)(CC(=O)C=Cc2ccco2)C1=O,False
68318,Cc1cc([n][n]1CC(=O)NCc1ccccc1)C(F)(F)F,False
784543,Cc1cc(ccc1OCC(=O)N1Cc2ccccc2CC1)S(=O)(=O)NC1CCCCC1,False
827627,O=C(Nc1cc[n][n]1Cc1cccc(Cl)c1Cl)C1CCN(CC1)S(=O)(=O)c1ccccc1,False
249099,CCOc1ccc(cc1)-c1[n]c(c[s]1)C(O)=O,False
202285,CCc1ccc(cc1)NC(=S)N1CCN(CC1)c1cc(ccc1)OC,False
542489,COc1ccccc1OCC(=O)Nc1ccc(Cl)cc1C(F)(F)F,False
538295,CN(C)C=C1N=C(OC1=O)c1ccc(F)cc1,False
526590,CN(Cc1cco[n]1)C(=O)c1c[n][n](-c2[n]cc3CCCc4ccccc4-c3[n]2)c1C1CC1,False
586866,Cc1c(CNCCc2[nH]c3cc(F)ccc3[n]2)c2ccccc2[n]1CC(N)=O,False
969615,CC1CC2CN(CC2CC=1)C(=O)c1c[n]c([n]c1)OC,False
206763,COc1cc(ccc1Nc1[n]c([n]c(NC(C)(C)C)[n]1)N1CCOCC1)OC,False
976175,CC(C)N1C(C(C(=O)N(CCOC)CCOC)c2ccccc2C1=O)c1ccccc1,False
730634,COc1cc(OC)c(Br)cc1CN1CC(O)CCC1,False
96629,Nc1[n]c(cc(Cl)[n]1)N1CCCCC1,False
279321,Cc1[s]c(NC(=O)OCC)[n]c1-c1ccccc1,False
79086,O=C(Nc1[n]c(c[s]1)-c1ccc(F)cc1)C1CCCO1,False
347035,O=C(Cc1ccc[s]1)N(C(c1c[s]cc1)C(=O)NC1CCCC1)c1ccccc1,False
893725,CCC(C)CNC(=O)CCC1(Cc2cc3ccccc3cc2)CCC(=O)N1,False
828524,Cc1ccc(cc1)S(=O)(=O)NC(=O)Nc1[n]c(CN2CCCC2)c[s]1,False
794693,COC(=O)c1cc(C)[s]c1NC(=S)NNC(=O)C(C)Oc1cc(C)c(Cl)c(C)c1,False
165348,Cc1cc(NC=Cc2[n][n][n][n]2-c2ccc(F)cc2)[n]o1,False
858628,COC(=O)C1Cc2cccc(OCC)c2OC1,False
513512,CC1(CCN1C(=O)Cc1ccc(Cl)cc1Cl)C(=O)NS(=O)(=O)c1cc(ccc1)C#N,False
848058,Cc1cc(ccc1)N1CCN(CC1C)c1[n]c([n]c2ccccc21)-c1ccc(cc1)Oc1ccccc1,False
102279,Nc1ccc(cc1)C(=O)OCCc1ccccc1,False
644679,CC1N=C2C=C(NN2C(=O)C=1CCC(=O)OCC)c1ccc(I)cc1,False
476315,CC(=O)c1c(C)c([nH]c1C)C(=O)Nc1cc(ccc1)S(=O)(=O)N(C)C,False
107849,FC(F)(F)c1cc(Cl)c([n]c1)-c1c[n]2[n]cc(c2[n]c1)-c1ccc(Cl)cc1,False
270781,OC(=O)c1c[n][n]2CCN(Cc3ccc[s]3)C(=O)c21,False
178738,COc1cc2C(CC(=O)Nc2cc1OC)c1ccccc1,False
597538,Cc1c(cc(-c2cc(ccc2)OC)[n]1-c1ccc(F)cc1)C(=O)N1CCC2(CC1)OCCO2,False
340130,COc1ccc(CC(=O)Nc2c(oc3ccccc32)C(=O)Nc2cc(Cl)c(F)cc2)cc1OC,False
171228,O=C(CCC(=O)Nc1ccc(Br)cc1)NN=Cc1ccccc1F,False
210621,O=C(Nc1[n][n]c(SCc2ccc(F)cc2)[s]1)c1ccc[n]c1Cl,False
324781,CCOC(=O)C1CCN(CC1)S(=O)(=O)CCNC(=O)c1ccccc1,False
717135,CS(=O)(=O)N(CC(=O)Nc1ccccc1C(O)=O)c1cc(Cl)ccc1,False
126510,Cc1cc2C(=O)C(O)=C(Oc2cc1)c1ccc(cc1)C(C)C,False
898868,COc1cc(CN2CC(CCO)N(Cc3ccc[s]3)CC2)ccc1,False
912569,CC1=CC(=O)C=C(C)N1c1ccc(cc1)N1C(C)=CC(=O)C=C1C,False
577411,CC1=Nc2ccccc2C1=CC1SC(=O)N(CC(=O)Nc2ccccc2F)C=1O,False
554244,CC(C)(C)NC(=O)CN(CC)c1[n]c([n]c2ccccc21)C(F)(F)F,False
623227,O=C1NCCN(CC(c2ccccc2)c2ccccc2)C1CC(=O)NCCC[n]1c[n]cc1,False
249045,O=C(COc1cc2ccccc2cc1)NC1C2CC3CC(CC1C3)C2,False
902719,C[n]1[n]c(CC(C)C)cc1C(=O)N1CCCC1c1ccc([s]1)C(=O)NC,False
312695,CCOc1c(cc(cc1OCC)C(=O)NC(=S)N[n]1c[n][n]c1)OCC,False
360469,Cc1cc(NC(=O)CN2C(=O)N(c3ccc(cc3OC)OC)C(=O)c3c2[s]c2CCCc32)[n][nH]1,False
764063,COc1cc(CSc2[n]c3CCCc3cc2C#N)ccc1,False
193029,CCCN1C(=NNC1=O)SCC(=O)NCc1ccccc1,False
762737,NC(=O)c1ccc(cc1)NC(=O)C=CC(O)=O,False
875064,COc1ccc(CC2=Nc3[s]c4CCCCc4c3C(=O)N2N)cc1OC,False
585247,O=C(NCCc1c[nH]c2ccccc12)C1CC(CN1)NC(=O)c1cc(F)ccc1,False
541654,CCN1CCN(CC1)C(=O)CN(c1cc(ccc1Cl)C(F)(F)F)S(C)(=O)=O,False
662479,CC(=O)N(C)c1ccc(cc1)NC(=O)COc1ccc(cc1)C(C)(C)C,False
215274,CC(=O)OCC1CSC2C(NC(=O)C[n]3[n]c(C(F)F)c(Cl)c3C)C(=O)N2C=1C(O)=O,False
75275,Cc1ccc(cc1)S(=O)(=O)CCC(=O)Nc1cc(Cl)ccc1,False
132818,Cc1c2OC(=O)C3CCCC=3c2cc2c1occ2-c1cc(F)c(cc1)OC,False
797920,Cc1ccccc1NC(=O)c1cc(ccc1N1CCOCC1)[N+]([O-])=O,False
976312,CN(C)C(=O)CN(C=O)c1c(CC)[n]c2c(ccc[n]12)OCCc1cc(ccc1)OC,False
945679,O=C(c1ccccc1)N1CCSC21CCN(CC2)S(=O)(=O)c1cccc2ccccc21,False
723259,CCCC(=O)Nc1cc(NC(=O)c2ccc(C)c(C)c2)c(Cl)cc1,False
787292,Cc1ccccc1N=C1SCC(C)(C)N1C(=O)c1ccc(cc1)C#N,False
183792,Cc1cc(ccc1C)NC1=NCC(C)S1,False
661014,O=S(=O)(C1=CC=CN2C1=NN(Cc1ccc(cc1)N1CCCC1=O)C2=O)N1CCCCC1,False
494593,Cl.CCOC(=O)Cc1ccc(cc1)NCc1ccc(Cl)cc1,False
678284,COc1cc(ccc1Oc1ccc(c[n]1)[N+]([O-])=O)C=C1C(=O)c2ccccc2C1=O,False
692164,C=CC[n]1c([n][n]c1SCC(=O)c1c[nH]c2ccccc21)-c1cc(Br)ccc1,False
464461,N#Cc1ccc(C=C(C#N)C(=O)N2CCCC2)cc1,False
233086,O=C1C2C3CC(C=C3)C2C(=O)N1c1cc(ccc1)C(F)(F)F,False
539697,CCCN1CCC(CC1)NC(=O)COc1ccc(F)cc1Cl,False
348642,Cc1[n]c2c(-c3ccccc3)c(C)[n][n]2c(C)c1CCC(=O)NCc1ccco1,False
680083,C[n]1c2ccccc2[n]c1CCNC(=O)c1ccc(Cl)cc1,False
576517,CN(Cc1[n]c([n]o1)-c1c[n]ccc1)C(=O)CC1COCCN1,False
815405,O=C(CSc1[n]ccc[n]1)NN=Cc1ccccc1Br,False
381877,CSCCC(NS(=O)(=O)c1ccc[s]1)C(=O)Nc1[n]c2ccc(cc2[s]1)OCC,False
665308,CC1(C)CC(CCO1)C(=O)COc1cc(O)c2c(c1)OC(=CC2=O)c1ccccc1,False
577829,Cc1ccc(OCCOCCOc2ccccc2F)c(c1)OC,False
920129,Cl.C(NCCC1CCCCC=1)c1cc2OCCOc2cc1,False
264544,CN(Cc1ccc(cc1)N(CC)CC)S(=O)(=O)c1ccc(F)cc1,False
645269,Cc1ccc(cc1)N1C(=O)C2C(SC(N)=C(C#N)C2c2ccc(cc2)OC)C1=O,False
663765,Cc1cc(C)c(NS(=O)(=O)c2ccc(cc2)NC(=O)c2[s]c3ccccc3c2Cl)c(C)c1,False
457066,CCCc1[s]c(cc1Br)C(=O)NCC1CCCO1,False
593018,CN(C)CCN(Cc1[n]cc[n]1Cc1cccc(c1)C(F)(F)F)C(=O)NCCC,False
810330,CCc1cc2c(N=C(SCC(=O)c3ccccc3)N(Cc3ccco3)C2=O)[s]1,False
834635,CCOc1[n]cccc1CNC(=O)c1cc(Cl)c2OCOc2c1,False
558910,COc1ccc(cc1OCC)C(=O)NCC(=O)Nc1ccc(F)c(F)c1F,False
832060,Cc1ccc(cc1)C(=O)NCC(=O)Nc1ccc(cc1)N1CCCCC1,False
832748,Cc1ccc(c(C)c1)N(c1[n]c(C[n]2c[n]c(C#N)[n]2)c[s]1)C(C)=O,False
423838,Cc1ccc(cc1C)NC(=O)c1cc(o[n]1)-c1cc(O)ccc1,False
429934,O=C(C[n]1cc(C=C2C(=O)NC(=S)NC2=O)c2ccccc12)Nc1ccccc1,False
726055,Cc1ccc(o1)C(=O)Nc1ccc(cc1)Oc1ccc(cc1)NC(=O)c1ccc(C)o1,False
632772,COc1cc(CN2CCSCC2)ccc1OCC(O)CN1CCCCCC1,False
975915,CC(C)SC(NC(=O)OCc1ccccc1)C(=O)N1CCC2(CC1)OCCCO2,False
94194,CNC(=S)Nc1cc2NC(=O)Nc2cc1,False
334029,O=C1C(=Cc2ccco2)Sc2[n]c([n][n]21)-c1ccccc1Br,False
206055,O=C(C=Cc1ccc[s]1)NCc1c[n]ccc1,False
719110,COc1cc(OC)c(cc1Cl)C1CC(ON=1)C(=O)NCc1ccco1,False
125960,O=C(CSc1ccc2[n][n]c(CCNC(=O)c3ccc(F)cc3)[n]2[n]1)NCC1CCCO1,False
622674,CC(C)CCN1CCNC(=O)C1CC(=O)NCc1ccc(cc1)OC,False
810765,Cc1cc(cc(C)c1)OCC(=O)NN=Cc1ccc([s]1)[N+]([O-])=O,False
451393,CC(=O)Nc1ccc(cc1)N1C(=O)c2ccc(cc2C1=O)S(=O)(=O)c1ccc(cc1)C(O)=O,False
949872,CCCOC(NC(=O)c1cc2OCOc2cc1)=NCCN(C)C,False
627756,O=C(c1cc2cc[nH]c2cc1)N1CC(C[n]2cc([n][n]2)C2CCCC2)CCC1,False
845980,[O-][N+](=O)c1cc(ccc1)C1c2ccc[n]2CCCN1Cc1ccccc1O,False
174049,O=C(CN(Cc1ccccc1F)C(=O)C[n]1[n]c([n][n]1)-c1ccc[s]1)NC1CCCCC1,False
302349,Cc1cc(ccc1C)N1C(=O)c2oc3ccccc3c2NC1=S,False
968194,O=C(CCN1CCC(CC1)c1[n][n]c2cccc[n]21)NC1CCCCCC1,False
491032,O=C1C=Cc2ccc(cc2O1)OCC(=O)N1CC2CC(C1)CN1C2=CC=CC1=O,False
727333,Cc1ccc(cc1)S(=O)(=O)N(CC(=O)Nc1ccc(cc1OC)OC)c1cc(Cl)ccc1C,False
314768,CC(C)N1CCC(CC1)N1CCN(CC1CCO)C1CCCC1,False
764720,Cc1cc(Cl)ccc1NC(=O)C(Cl)(Cl)Cl,False
892662,CC(=O)N1CCC(CC1)C(=O)NCC1Cc2cc(cc(Cl)c2O1)-c1cc[s]c1,False
402111,CC(C)(C)[n]1[n]c2CS(=O)Cc2c1NC(=O)c1ccc(Br)o1,False
13633,CC1(C)c2ccccc2N(C)C21C=Cc1cc(O)ccc1O2,False
614277,CCC1=CC(=O)Oc2cc(ccc12)OCC=Cc1ccccc1,False
86685,[O-][N+](=O)c1cccc2[nH]c(NC(=O)c3cc(ccc3)[N+]([O-])=O)[n]c12,False
106786,COc1ccc(cc1)-c1[nH]c([n]c1-c1ccc(cc1)OC)-c1ccc(F)cc1,False
152261,Cc1cc(c(C=C2C(=O)Nc3ccccc23)[nH]1)-c1ccc(N)cc1,False
898951,COCC1CN(CCC1)c1[n]c2[n]o[n]c2[n]c1NC1CCCC1,False
251509,N=C1c2ccccc2CN1NC(=O)CC12CC3CC(C1)CC(C2)C3,False
679588,CN1C(=O)c2c([n]ccc2SCC(=O)Nc2cc(Cl)ccc2)N(C)C1=O,False
772467,Cc1ccc(cc1)SCCC(=O)Nc1ccc(cc1)S(=O)(=O)N1CCCCC1,False
396928,COc1ccc(cc1)C1=Nc2ccccc2C(=O)N1c1[n]cc[s]1,False
526911,CN(Cc1cc[n]c2ccccc21)C(=O)c1c[n](Cc2ccc(F)cc2Cl)[n][n]1,False
6052,COc1ccc(cc1)C(=O)C(=O)c1ccc(cc1)OC,False
207404,Cc1[n]c2c(oc3ccc(Cl)cc32)c(Nc2ccccc2)[n]1,False
961437,COc1cc(CSc2[n][n]c(NC(=O)c3ccc(Cl)cc3Cl)[s]2)ccc1,False
149747,CN1CCN(CC1)C(c1[n][n][n][n]1Cc1ccccc1)c1ccccc1,False
627266,O=C(CSc1ccccc1)N1CC(CNC(=O)C2(CC2)c2ccc(Cl)cc2)CCC1,False
569543,O=C(NNC(=O)Cc1ccc(cc1)OC(F)(F)F)c1c[n][nH][n]1,False
260010,CN(C)c1ccc(C=Nc2[n]o[n]c2-c2ccccc2)cc1,False
403454,NC(=O)c1cc(ccc1N1CCCCC1)N1C(=O)C2CC=CCC2C1=O,False
290490,O=C(NCCc1cccc(Cl)c1)c1ccc(Br)o1,False
961897,CN(C)c1ccc(cc1CN(CCOC)C(=O)c1ccc[s]1)NC(=O)c1ccccc1Cl,False
216674,O=C(Cc1cc(ccc1)C(F)(F)F)NCC(c1ccco1)N1CCCCC1,False
523375,Cc1cc(C)c(C=NNC(=O)COc2ccccc2)c(C)c1,False
428773,Cc1cc(C)c(cc1)C(=O)CSC1NC(=O)C=C(O)N=1,False
174447,Cc1ccc(cc1)N(CC(=O)Nc1cc(Cl)c(F)cc1)S(=O)(=O)c1c(C)[n]oc1C,False
835575,O=C(NOCc1ccccc1)c1cc(Cl)ccc1-[n]1c[n][n][n]1,False
711099,COC(=O)c1ccc(cc1)NC(=S)NC(=O)CCN1C(=O)c2ccccc2C1=O,False
255167,CN(C)c1ccc(cc1)C(=O)N1N=C2CCCCCC2C1(O)C(F)(F)F,False
634890,NC(=O)c1ccccc1NC(=O)c1ccc[n]c1Cl,False
622856,CC1CN(Cc2cc(Cl)ccc2O1)Cc1cccc[n]1,False
927186,COCC1(CCCC1)NC(=O)CC1C(=O)N(C)C(=O)N1C,False
906768,CN1N=C(C2CCN(Cc3cc[n][n]3-c3ccccc3)CC2)N(CC)C1=O,False
52818,Cc1[n]c2cc([n][n]2c(C)c1CCC(=O)NC(C)c1cc2OCCOc2cc1)-c1ccc(Cl)cc1,False
921134,CC(C)=CC(=O)N1CC(CCC(=O)N(C)C2CCN(C)CC2)CCC1,False
341423,CCOC(=O)N1CCN(CC1)C(=O)C(=O)c1c[n](CC(=O)N2CCCCCC2)c2ccccc21,False
382611,CN1CC(c2cccc[n]2)C2(SC(=S)N(Cc3ccccc3)C2=O)C21C(=O)Nc1ccccc21,False
410554,O=C(COc1ccccc1)Nc1ccccc1C(F)(F)F,False
632365,O=C(Cc1ccc[s]1)NC1CN(CCC1)CCc1ccccc1,False
621925,COc1cc(ccc1)NC(=O)CCC1CCN(CC1)C(=O)c1c[s][n][n]1,False
402664,N#Cc1ccccc1NC(=O)COC(=O)c1cc2OCCOc2cc1,False
243475,OC1CN(Cc2ccccc2CS(=O)(=O)c2ccccc2)CCC1CO,False
325260,COCCNC(=O)C(=O)NCC1OCCCN1S(=O)(=O)c1ccc[s]1,False
971563,COc1ccc(C=C2CCCC(CCC)C2=NOC(=O)NCC)cc1,False
423718,COc1ccc(CNC(=O)C2CN(CCC2)S(=O)(=O)c2c[n]c[nH]2)cc1,False
226401,COCCNC(=O)C1CC(=NO1)c1ccc(cc1)C(F)(F)F,False
533862,C=CCN=Cc1c(O)[nH]c2ccccc12,False
770893,CC(C)Oc1ccc(cc1)C(=O)NC(=S)Nc1ccccc1N1CCOCC1,False
560704,COc1cccc2cc(CNC(C)c3cc(F)c(F)cc3)oc21,False
226972,CN(Cc1c(F)cccc1Cl)C(=O)c1ccc(COc2ccccc2)cc1,False
678270,O=C1c2c(c(c3cc4ccccc4c[n]32)C(=O)OCc2ccccc2)C(=O)c2ccccc12,False
511600,Cc1cc(COC(=O)CCC(=O)N(CCCCC)C2=C(N)N(CCCC)C(=O)NC2=O)c(C)cc1,False
80154,Cc1ccc(cc1)C1C=C(Cc2ccc(F)cc2)C(=O)NN=1,False
57617,C1CC[n]2[n]c(c(-c3cc4[n]c[n](CCCOC5CCCCO5)c4cc3)c21)-c1cccc[n]1,False
624423,O=C(CCCN1CCCCC1=O)N1CC(Cc2ccccc2)OCC1,False
881504,[O-][N+](=O)c1cc(ccc1)N1C(=O)C2CCCCC2C1=O,False
45346,Cc1cc(OCC(=O)N2CCOCC2)c(C)cc1,False
658692,Cc1cc(NC(=O)C2=CN(CCCOC)C=C3C2=NN(c2ccccc2)C3=O)[n]cc1,False
326031,C=CCN1C(=Nc2c([nH]c3ccccc32)C1=O)SCC(=O)NCC1CCCO1,False
524840,CC1(NC(=O)N(CC(=O)C23CC4CC(C2)CC(C3)C4)C1=O)c1ccc(cc1)C#N,False
622593,COc1cc(ccc1)-c1ccc(cc1)NC(=O)C1CN(CCC1)C1CCSCC1,False
240954,Fc1ccccc1CN(CC1COCC1)CCC[n]1cc[n]c1,False
614270,Cc1cccc(NC(=O)c2ccccc2NC(=O)C=Cc2ccco2)c1C,False
256693,OC(=O)CCC(=O)Nc1ccccc1-c1ccccc1,False
799098,COc1ccc(cc1[N+]([O-])=O)NC(=O)c1cc2ccccc2o1,False
749437,CCOc1ccc(cc1)-c1[n]c(CNCCOc2ccccc2)co1,False
488767,Oc1ccccc1N1CCN(CCS(=O)(=O)c2cc(Cl)ccc2Cl)CC1,False
145923,COc1cc(O)c(cc1)-c1cc(C2CNCCC2)c(C#N)c(N)[n]1,False
3832,CC1(C)C(O)CCC23CC42CCC2(C)C(CCC2(C)C4CCC13)C(C)CCC=C(C)C,False
364477,CCC(C)c1ccccc1OCC[n]1c[n]cc1,False
154851,COC(=O)c1c(N)[n](c2[n]c3ccccc3[n]c21)-c1ccc(cc1)OC,False
714121,C=C(Br)C[n]1c([n]c2ccccc12)SCC=C,False
946859,C[n]1cccc1CN(C1CC1)C(=O)CN(CC=C)C(=O)Nc1ccc(cc1OC)OC,False
115996,CC(=O)Nc1cc(ccc1)C(=O)Nc1cc(ccc1)-c1ccc(cc1)-c1[nH]c2cccc(C)c2[n]1,False
462699,Cc1ccccc1NC(=O)C[n]1[n][n]c([n]1)-c1ccc(CN2CCC(C)CC2)cc1,False
502893,CC(=O)c1cc(ccc1)NC(=O)C(C)OC(=O)c1cc(ccc1)-[n]1c[n][n][n]1,False
948007,O=C(NN=Cc1cc(ccc1)OC(=O)c1cc(Br)ccc1)c1cccc[n]1,False
229541,CCN1CCN(CC1)c1ccc(cc1NC(=O)c1cc(F)ccc1)S(=O)(=O)N1CCCCC1,False
182899,[O-][N+](=O)c1cc(ccc1)C=CC(=O)NN1C(=Nc2ccccc2C1=O)c1ccccc1F,False
982781,CNc1c[n]cc([n]1)-c1c[n]c([n]c1OC)OC,False
468294,Cc1ccc(cc1)S(=O)(=O)N1CCN(CC1)C(=O)CSc1[n][n]c[s]1,False
129823,NC(=O)c1c(NC(=O)Nc2ccccc2)[s]c2CCCCc21,False
54866,C1C2CCc3ccccc3C2=NN1c1ccccc1,False
77718,O=C(CSc1[n]c2ccccc2o1)Nc1ccccc1C(F)(F)F,False
701489,CC(=O)c1ccc(cc1)N1C(=O)C2C(C3C=CC2O3)C1=O,False
327771,O=C(Nc1ccccc1C(F)(F)F)C1=CC=CN(Cc2ccc(Br)cc2)C1=O,False
45352,CCOC(=O)C(C#N)=C1SC(SS1)=C(C#N)C(=O)OCC,False
686576,CCCN(CCC)c1cc([n]c[n]1)Oc1ccccc1Cl,False
892516,COc1cc(CNCCC2CCC(=O)N2Cc2cccc3ccccc23)ccc1,False
432364,CC(=O)NCC(=O)N(CCc1c[nH]c2ccccc12)C1(CCCCC1)C(=O)Nc1c(C)cccc1C,False
144742,COc1cc(C=C2C(=O)NN(c3cc(Cl)c(Cl)cc3)C2=O)ccc1,False
37782,Fc1cc(CSc2[n][n]c3ccc([n][n]32)-c2cc[n]cc2)ccc1,False
365320,Cc1cc(c(C)cc1)N(CC(=O)Nc1cc(ccc1)OC)S(C)(=O)=O,False
207673,Cc1cc2c(cc1)OCC(=O)N2CC(=O)N1CCC(O)CC1,False
139969,Nc1[n]c(c([s]1)-c1cccc2ccccc21)-c1cccc[n]1,False
250645,COC(=O)C(O)=CC(=O)c1ccc[s]1,False
678582,CCOc1cc(C=C2NC(=S)N(C)C2=O)cc(Cl)c1OCC=C,False
909719,CC(C)N1C=C(C(=O)OC)C(=O)C(=C1)C(=O)N1CC2CC=CCC2C1,False
558541,O=C(Nc1cc(Cl)ccc1OCC(F)(F)F)c1ccco1,False
255930,CC1=CC(=O)NC(=N1)SCCOc1ccccc1C,False
208031,C(CCCCc1[n][n][nH][n]1)c1[n][n][nH][n]1,False
243887,CN1CC(CN(c2[n]cc[s]2)C(=O)CN2CCCC2=O)OCC1,False
627034,CN(Cc1ccccc1)C1CN(CCC1)C(=O)c1[s][n][n]c1C,False
696970,Cc1ccccc1CN1C=CC=C(C(=O)Nc2[n]cc[s]2)C1=O,False
152300,CC(C)(C)NC(=O)Nc1ccc(cc1)NC(=S)NCc1[n]c(Cl)c[n]c1N,False
378711,COc1cc(ccc1)N1C(=Nc2ccccc2C1=O)SCC(=O)NCCOC,False
979986,Cc1cc(c(cc1)OC)S(=O)(=O)NC1CC2CCC(C1)N2Cc1ccc(cc1OC)OC,False
723752,COC(=O)c1cc(cc(c1)C(=O)OC)NC(=O)Nc1cc(Cl)ccc1,False
102793,CC(C)C1CC(C)(C)c2ccc(O)cc21,False
138490,COc1c(cc(C=C2SC(NC2=O)=Nc2ccc(O)cc2)cc1OC)OC,False
730809,CCC(Cc1ccccc1)NC(=O)c1cc(ccc1)OC,False
152401,Cc1cccc([n]1)-c1[n][n](CCC(=O)Nc2cc(ccc2)C#N)cc1-c1cc2c(cc1)[n]ccc2OC,False
421658,CCOC(=O)N1CCN(CC1)C(=O)CCN1N=C(C=CC1=O)c1ccccc1,False
865552,CC1CCCCC1OCCNS(=O)(=O)c1cc2OCC(=O)Nc2cc1Cl,False
692893,C[n]1[n][n]c2c(Nc3ccc(cc3)S(N)(=O)=O)[n]c[n]c12,False
590913,O=C(Oc1ccc([n][n]1)-c1ccccc1)c1cc(F)ccc1,False
172741,O=C(c1ccc[s]1)N(Cc1ccco1)c1[n]c(c[s]1)-c1ccc(F)cc1,False
419708,O=C(COC(=O)CCC(=O)NC1CCCCC1)c1ccc(Br)cc1,False
532932,CN1C(=CC(=O)N(C)C1=O)C(=O)Nc1ccc(cc1)C(=O)N1CCCC1,False
97982,OCc1ccccc1NS(=O)(=O)c1ccc(Cl)cc1,False
126311,Cc1cc(C)c(C(=O)c2ccc(cc2)C(=O)N(CC)CC)c(C)c1,False
277358,CCc1ccccc1NC(=O)CSC,False
442544,CC(=O)C1C(C(C#N)=C(NC=1C)SCC(=O)c1ccc(Cl)cc1)c1cc(ccc1)[N+]([O-])=O,False
104639,Cc1cc([n]c[n]1)SCNC(=O)c1ccccc1,False
442941,C(=C(c1[n][n][n][n]1-c1ccccc1)c1[n][n][n][n]1-c1ccccc1)c1ccccc1,False
538344,O=C(NC(=S)Nc1ccccc1N1CCCCC1)c1cc(F)ccc1,False
166432,CC1NC2CC(CC(=O)C=2C(C=1C(=O)OC)c1cc(c(O)cc1)[N+]([O-])=O)c1ccc[s]1,False
219760,O=C(NN=Cc1c[n]ccc1)c1ccc(cc1)S(=O)(=O)N1CCCCCC1,False
890261,CC(=O)Nc1cc[n][n]1C1CCN(Cc2ccc(cc2)C(=O)OC)CC1,False
152367,C1C(CC2CCC1N2)[n]1cc(c([n]1)-c1cc[n]cc1)-c1cc2Cc3c[n][nH]c3-c2cc1,False
801170,[O-][N+](=O)c1ccccc1C(=O)NC(=S)Nc1ccc(O)cc1,False
367729,CCC(Cc1ccccc1)NC(=O)CSc1cc[s]c1[N+]([O-])=O,False
539418,O=C1CC(c2cc3OCCOc3cc2N1)c1ccccc1C(F)(F)F,False
70110,Nc1ccccc1Nc1c(Cl)c(F)[n]c(F)c1F,False
682058,CC1=C(SC2(SC(=NN2c2ccc(cc2)OC)C(=O)OCC)N1c1ccccc1)C(=O)OC,False
3727,CC(C)NCC(O)COc1cccc2[nH]c3ccccc3c12,False
439548,[O-][N+](=O)c1cccc2c1C(=O)N(CCOc1ccc(Cl)cc1)C2=O,False
566070,CCSCCNC(=O)c1cc([n]c2ccccc12)N1CCN(CC1)c1cc(ccc1)C(F)(F)F,False
600096,CC1(Cc2ccc(cc2)S(C)(=O)=O)c2ccc(cc2NC1=O)-c1ccc(F)cc1F,False
824489,Cc1c2c(N)[n]c(COC(=O)c3cc(O)ccc3)[n]c2[s]c1C,False
136292,C[n]1cc(c2ccccc12)C(=O)NN=Cc1ccc(cc1)[N+]([O-])=O,False
140831,OCCCSc1[nH]c(c([n]1)-c1ccc(F)cc1)-c1cc[n]cc1,False
291562,CCC(=O)Nc1ccccc1C(=O)NCC=C,False
266880,CCCS(=O)(=O)NC1CC(=O)N(Cc2ccccc2C(F)(F)F)C1,False
19150,CCCNCC(O)COc1ccccc1C(=O)CCc1ccccc1,False
523075,CC(C)C(=O)NC(c1cc(c2ccc[n]c2c1O)[N+]([O-])=O)c1ccc(cc1)OC,False
930087,Cc1[n]cc2CN(CCc2c1CNC(=O)c1c[s]cc1)C(=O)c1ccc(cc1)N1CCCCC1,False
421441,Cc1cc(ccc1)NC(=S)N1CCC(CC1)NC(=O)c1ccco1,False
287040,CCOC(=O)N1CCC(CC1)NC(=O)C1=CN2C(C=C1)=Nc1ccccc1C2=O,False
497983,[I-].C[n+]1cc(ccc1)C1C(C#N)=C(N)Oc2c3ccccc3ccc21,False
949344,Cc1cc(COC)c(C#N)c([n]1)OCC(=O)NN=Cc1ccccc1,False
982644,CC1=C(SC(=O)N1Cc1ccc(cc1)-c1ccccc1)C(=O)NCCOC,False
294085,Cc1ccc(cc1)Sc1[n]c[n]c(N)c1[N+]([O-])=O,False
280436,Cc1cccc(C)c1NC(=O)C(=O)NC1CCCC1,False
479390,CCc1ccc(cc1)C(=O)CN1C(=O)NC(C)(CCc2ccccc2)C1=O,False
227164,CCC(Oc1ccccc1)C(=O)Nc1cc(ccc1N1CCOCC1)C(F)(F)F,False
72106,Cc1cc(C)[n][n]1C(=O)C[n]1[n]c(cc1C)C(F)F,False
824190,CCOc1ccc(cc1NCC(=O)NC(C)(C)C)S(=O)(=O)N1CCCCC1,False
14579,Cc1o[n]c(c1C(=O)Cl)-c1ccccc1,False
481198,CS(=O)(=O)c1ccc(cc1)C(=O)NCC(c1ccco1)N1CCCCC1,False
456956,O=C(NC(=S)Nc1ccc(Cl)c[n]1)C12CC3CC(C1)CC(C2)C3,False
277817,O=C(CN1C(=O)c2cccc3cccc(c32)C1=O)N1CCCc2ccccc12,False
561972,COc1ccc(cc1)-c1[n]c([n][n]1-c1ccc(cc1)NC(=O)c1ccco1)OCc1ccc(F)cc1,False
225398,Cc1c(oc2ccc(cc12)OCC)C(=O)N1CC(C)OC(C)C1,False
412146,CN(C)c1ccc(cc1)C1C=C(Nc2[n][n][n][n]21)c1ccc(F)cc1,False
423678,Cc1[nH][n]c(SCC(=O)N2CCC(C)CC2)c1[N+]([O-])=O,False
447412,Cc1ccccc1OCC(=O)Nc1cccc2[n][s][n]c21,False
40924,Oc1ccc(C=C2COc3cc(O)ccc3C2=O)cc1,False
785435,Cc1ccc(cc1)S(=O)(=O)Oc1ccc(C=C2SC(=S)NC2=O)cc1OC,False
734672,Cc1c(cccc1[N+]([O-])=O)C(=O)Nc1cc(c(O)cc1)-c1[n]c2ccccc2o1,False
835206,CCN1c2ccccc2N(CC(=O)Nc2cc3CCCc3cc2)C1=O,False
722087,CCc1ccc(CN2Cc3cc(OC)c(cc3CC2)OC)cc1,False
728835,N#Cc1c(NC(=O)c2ccc(cc2Cl)[N+]([O-])=O)[s]c2CCCCCCc21,False
939811,C#CCOc1ccc(Br)cc1C=C(C#N)C(=O)Nc1cccc(c1)[N+]([O-])=O,False
245850,CN1c2ccccc2C(=C(C#N)C(N)=O)C1=O,False
805169,Clc1cccc(Cl)c1CSc1[n][n]c(o1)-c1cc2OCOc2cc1,False
21753,NS(=O)(=O)c1cc(Cl)ccc1Cl,False
477081,OC1CCCCC1NC(=O)Nc1cccc2ccccc21,False
204296,[O-][N+](=O)c1cc2C(=C(C(=O)Oc2cc1)[N+]([O-])=O)N1CCOCC1,False
922871,O=S(=O)(NCCNC(=O)CN1CCCCCC1=O)c1ccc(Cl)cc1,False
122117,CC(C)CC(=O)N1CCNCC1C(=O)NCc1ccc(Cl)c(Cl)c1.OC(=O)C(F)(F)F,False
520584,COC(=O)c1ccccc1NC(=O)C=Cc1ccc(cc1)[N+]([O-])=O,False
34,CCCCCCCCCCCCCCCCCC(O)=O,False
636894,CCOC(=O)c1ccc(cc1)NC(=O)c1ccc(C)cc1C,False
502813,COc1ccc(CN(C)C(=O)CNC(=O)Cc2cccc3ccccc23)c(OC)c1OC,False
376043,CSc1cccc(c1)NC(=O)CSc1[n][n]c(COc2ccc3CCCCc3c2)[n]1CC=C,False
838136,CNC(=O)NC(=O)C(C)N1CCN(CC1)C(=O)c1cocc1,False
440360,Cc1ccc(cc1)NC(=O)Cc1[n][n]c(NC(=O)Nc2ccc(cc2)OC)[s]1,False
138260,Oc1cc(O)c(C=NN2CCN(CC2)C2c3ccccc3-c3ccccc32)cc1,False
79380,C[n]1[n]c(c(c1NC(=O)c1c[n]ccc1)-c1ccc(F)cc1)C(F)(F)F,False
919265,CN(C)C(C)c1ccc(cc1)-c1[n]cc[n]1CCCO,False
520985,O=C(Nc1cccc2ccc[n]c21)c1cccc2c(Br)cccc21,False
495714,OC(=O)C(O)=O.O=C(CNCc1ccco1)Nc1cccc(c1)S(=O)(=O)N1CCCCC1,False
525734,O=C(c1ccc(Cl)cc1OC1CCN(Cc2cc(F)cc(F)c2)CC1)N1CCCCC1,False
387491,CCc1ccc(cc1)NC(=O)C1CCCN1S(=O)(=O)c1cc2c(cc1)N(C)C(=O)C(=O)N2C,False
427818,CCOc1cc(ccc1)C1CC(=O)Nc2c1ccc1ccccc12,False
174596,CCOC(=O)c1c(NC(=O)C2C(NC(=S)NC=2C)c2ccccc2C(F)(F)F)[s]c(C)c1C,False
92018,FC(F)(F)c1c[n]c(cc1)NCC1CCCO1,False
780385,COc1ccc(cc1)C=CC=C1N=C(SCc2ccccc2)SC1=O,False
163132,CCC(=O)Nc1[n]o[n]c1-c1[n]c2ccccc2[n]1C,False
720609,CC(C)c1ccc(cc1)Nc1[n]c(Cl)[n]c([n]1)N1CCCCC1,False
570019,O=C(c1cc(F)ccc1F)N1CCCC1C(=O)N1CCSCC1,False
634357,CCCNC(=O)C[n]1[n]c2CSCc2c1N,False
916177,Cc1cc(CC(C)NC(CC)CC)[n][nH]1,False
764803,CCOC(=O)C1CCN(CC1)C(=O)COc1cc(C)cc(C)c1C,False
319463,CC(C)(C)c1ccc(cc1)C(=O)Nc1ccc(cc1)S(=O)(=O)N1CCCCCC1,False
77645,Oc1cc(C=Nc2ccccc2O)ccc1,False
322757,CC(C)(C)[n]1[n]c2CS(=O)(=O)Cc2c1NC(=O)c1ccccc1,False
431147,CC1C(NC(CC1(O)CCCC)c1ccc(cc1)OC)c1ccc(cc1)OC,False
374192,CC[n]1c([n]c2c1C(=O)N(C)C(=O)N2C)SCC(=O)NCc1ccc[s]1,False
207605,COC(=O)c1cc2c(cc[n]2-c2ccc(F)cc2)[n]1CC(=O)C(C)(C)C,False
515840,Cc1[n]cc(CO)c(C=NNC(=S)Nc2ccc(cc2)C(C)C)c1O,False
533,CC12CCC3C(CC=C4CC(O)CCC43C)C1CCC2=O,False
712454,Cc1cc(OCc2[n][n]c(NC(=O)Nc3ccccc3)[s]2)c(cc1)C(C)C,False
881390,COc1ccc(Br)cc1C1C(C#N)=C(N)OC2CCCC(=O)C=21,False
349211,Cl.CN1CCC2C(C1)c1cc(C)ccc1N2S(=O)(=O)c1ccc(F)cc1,False
283798,COc1cc(NC(=O)Cc2ccc(Br)cc2)c(cc1Cl)OC,False
572637,Cc1c(CC(=O)N2CCCCC2c2ccc(C)cc2)c(C)[n][n]1C(F)F,False
517828,O=C(C1CC1)c1ccc(cc1)OCc1ccc(Cl)cc1,False
558903,Cc1[n][n](c2[s]c(cc12)C(=O)NCC(=O)OC)-c1ccc(F)cc1,False
616845,Cc1cc(C=C2C(=O)N(C)C(=O)N(C)C2=O)c(C)[n]1CC(C)C,False
517678,CC1N=C2SC(=Cc3cc(Cl)ccc3O)C(=O)N2C(C=1C(=O)OCC)c1ccc(cc1)OC,False
671980,Cc1ccc(cc1)N1N=C(C(=CC1=O)OS(=O)(=O)c1cc(Cl)ccc1OC)C(=O)OCC,False
539423,N#Cc1c(NC(=O)c2c[n][n]3C(CC(Nc32)c2ccccc2)C(F)(F)F)[s]c2CCCc21,False
473104,CC(C)(Oc1ccc(Cl)cc1)C(=O)Nc1cc2C=CC(=O)Oc2cc1,False
526903,O=C(CCN1CCCO1)N1Cc2c([n][nH]c2CC1)-c1cccc2ccccc21,False
449343,COC(=O)c1c(NC(=O)CSc2ccccc2)[s]c2CCc3ccccc3-c21,False
576745,COc1c2ccccc2[n]2c1C=C(C=C(C#N)C(=O)OCC)C2=O,False
806925,COc1ccc(C=NNC(=O)COc2ccc(cc2)OC)cc1Br,False
443392,CCC(Sc1[n][n][n][n]1-c1ccccc1)C(=O)Nc1[n][n]c(CCC)[s]1,False
708954,COc1ccc(cc1)-c1[n]c2cc(ccc2o1)NC(=O)c1c[n]ccc1,False
785824,COc1ccc(cc1[N+]([O-])=O)C(=O)NC(=S)Nc1ccc(cc1)N1CCCCC1,False
68995,[O-][N+](=O)c1cc(Cl)c(cc1)N1CCN(CCOc2[n]o[n]c2-c2ccccc2)CC1,False
281693,CCS(=O)(=O)c1ccc(c(Cl)c1Cl)C(=O)Nc1ccccc1,False
947531,Clc1cc(ccc1Cl)-c1[n]c2c(ccc[n]2c1NCc1ccccc1)OCc1ccccc1,False
191203,COc1ccc(cc1C(=O)c1ccc(Cl)cc1)OC,False
202185,Fc1ccccc1CN1CCN(CC1)C1CCN(Cc2ccccc2)CC1,False
8388,CCC=CCC=CCC=CCC=CCC=CCCCC(=O)NCCO,False
442989,COCCNS(=O)(=O)c1cc2OCCOc2cc1,False
379935,Cc1ccc(cc1)N(C(C)C(=O)Nc1cc(Cl)ccc1Oc1ccccc1)S(C)(=O)=O,False
880741,CN1C(C)=C(C(=O)N1c1ccccc1)N(C(C)C)C(=O)c1cc(cc(c1)[N+]([O-])=O)[N+]([O-])=O,False
59387,O=C(NCc1cc(ccc1)C(F)(F)F)c1ccc(cc1)Oc1ccccc1,False
283911,COC(=O)c1ccc(cc1)NC(=O)CSc1[n]c([nH][n]1)-c1cc[n]cc1,False
403124,CCSc1[n][n]c(NC(=O)CSc2c(Cl)cccc2Cl)[s]1,False
174710,COc1cc(ccc1OCC(=O)Nc1ccc(F)cc1)C(=O)NC1CCCc2ccccc21,False
919552,O=C(N1CC(CCC1)N1CCCC1)C1(CCC1)c1ccc(Cl)cc1,False
176065,CCC(=O)N1CCc2cc(ccc12)S(=O)(=O)N1CCN(CC1)c1ccccc1Cl,False
417426,CCc1[n][n]c(NC(=O)CSc2[n][n]c3c(C)cc4c(c(C)ccc4C)[n]32)[s]1,False
30391,Cc1[nH]c(CC)[n]c1CN1CCN(CC1)c1cc(cc[n]1)C(F)(F)F,False
278405,COc1ccc(cc1NC(=S)NCc1c[n]ccc1)OC,False
106573,Cc1cc(ccc1)NC(=O)CCc1[n]c([n]o1)-c1ccc(cc1)OC,False
973321,CC1(CCN1C(=O)CC(c1ccccc1)c1ccccc1)C(=O)NCc1ccc(Cl)cc1,False
677929,CN(C)C(=O)c1ccc(Cl)cc1NC(=O)c1[n]c(Cl)ccc1Cl,False
767501,CCOC(=O)c1ccc(cc1)NC(=O)C1CCN(CC1)S(=O)(=O)c1cc(Cl)ccc1Cl,False
767964,Cc1cc(OCC(=O)N2CCC(CC2)C(N)=O)c(C)c(C)c1,False
949122,Cc1cc(C(=O)NN=Cc2ccc(cc2)N(C)C)c2ccccc2[n]1,False
533454,COc1cc(C=C2SC(=O)N(C)C2=O)ccc1OCC(O)=O,False
421352,Cc1cc2cc(C#N)c([n]c2c(C)c1)SCC(=O)NCC1CCCO1,False
233593,COc1ccc(cc1)C(=O)c1c[n](CC(O)=O)c(c1)C(=O)c1ccccc1,False
449110,Cc1ccc(o1)C(=O)Nc1cc(c(F)cc1)[N+]([O-])=O,False
508852,CCN(CC(=O)NCc1ccc[s]1)C(=O)c1cc(ccc1Cl)S(=O)(=O)N1CCCCC1,False
656731,Cc1c[s]c([n]1)SCC1=CC(=O)C(=CO1)OC(=O)COc1ccccc1OC,False
588429,CCCCN(CCC(O)=O)c1[n]c(Cc2ccc(F)cc2)[n][s]1,False
402971,Cc1c[s]c([n]1)SCC(=O)NC1CCCCC1,False
812801,CN1CCN(CC1)S(=O)(=O)c1cc(c(cc1)NCc1ccccc1C)[N+]([O-])=O,False
502162,Cc1ccc(cc1)OCC(COCc1ccccc1)NC(C)C.OC(=O)C(O)=O,False
506435,CC(=O)c1ccccc1C(=O)N1CCC(CC1)[n]1[n]ccc1NC(=O)C1CC1,False
582761,O=C(CN1CCCCC1c1cccc[n]1)NCc1ccccc1F,False
658744,Cc1ccc(cc1)N1N=C(C(=CC1=O)N1CCN(CC1)C(=O)OCC)C(=O)OCC,False
585756,CN1CC(CNc2[n]c([n]c(C)c2C)C(F)(F)F)COCC1,False
510545,Cc1cc(OCC(=O)Nc2ccc(cc2)S(=O)(=O)NC2CCCCCN=2)c(Cl)cc1,False
679786,Cc1ccc(cc1)S(=O)(=O)c1[n]c([s]c1NCc1ccccc1OC)S(=O)(=O)CC,False
113425,OC(=O)CSc1[n]c[n]c2c1[n][n][n]2Cc1ccccc1F,False
671471,CC(=O)NC1=NN(C(C)=O)C2(S1)c1cccc(Cl)c1N(Cc1ccccc1)C2=O,False
251218,CC1=CC(O)=C(C(c2cc[n]cc2)N2CCCCC2)C(=O)N1Cc1ccco1,False
579822,CN(C)C(=O)c1cc(CNC(C)Cc2ccc(F)cc2)cc(c1)NC(=O)c1cccc[n]1,False
82383,CCNC(=S)N(CC1=Cc2cc3OCOc3cc2NC1=O)CCO,False
145263,Cc1cccc(Cl)c1CNc1[n][nH]c2-c3ccc(cc3Cc21)OC,False
683982,Cc1c[n]2c3c([n]c2[n]1C)N(C)C(=O)N(CCC)C3=O,False
371879,Cc1cc(o[n]1)-c1ccc([s]1)S(=O)(=O)Nc1ccc(cc1)C(=O)OC,False
461715,CN(c1ccccc1C(=O)Nc1ccc(CC#N)cc1)S(=O)(=O)c1ccccc1,False
693716,CNC(=O)c1ccc([s]1)C1CCCN1c1[n]c(CCN)[n]c2ccccc21,False
749000,CC1CCc2ccccc2N1C(=NO)c1ccc(C)[n]c1Oc1cc(C)cc(C)c1,False
270638,OCc1cc[n]([n]1)-c1c(F)cccc1F,False
475257,Cc1ccc(cc1)N(C(c1c[n]ccc1)C(=O)NC(C)(C)C)C(=O)c1c[s][n][n]1,False
485541,OC(=O)CCC(=O)Nc1[s]c2CCCCc2c1C(=O)NC1CCCC1,False
79722,Cc1cc(C)c(cc1)N1C(=S)NN=C1c1ccc(cc1)OC,False
528980,ON=C(c1ccc[n]c1OCC1CCCCC1)N1CCN(CC1)c1ccc(F)cc1,False
968733,CC(C)N1CCc2cc(ccc12)-c1[n]cc[n]1CCCO,False
523902,Cc1cc(NC(=O)c2ccc(cc2)-[n]2c[n][n]c2)[n]o1,False
934840,Cc1[n]c2[n]ccc[n]2c1C(=O)NC(C)c1[n]c[n][n]1CC,False
655186,Cc1cc(C)c(NC(=O)CSC2=NC(=O)N3C=CC(C)=CC3=N2)c(C)c1,False
850948,CN(CCCNC(=O)CCc1c(C)[n][n]2c[n][n]c2c1C)C1CCCCC1,False
293285,Cc1[n][n](C)c(Cl)c1C(=O)NCC(=O)Nc1ccc(cc1)C(C)C,False
354801,Cc1cc(NS(=O)(=O)c2ccc(cc2)NC(=S)NC(=O)c2ccc(cc2)C(C)(C)C)[n]o1,False
425843,COc1ccc(C=C(NC(=O)c2ccc(cc2)OCC(C)C)C(=O)OCc2ccco2)cc1,False
670609,Cc1c(cccc1C)-[n]1[n]cc2c1[n]c[n]c2-[n]1[n]c(C)cc1NC(=O)Cc1ccccc1,False
90819,COC(=O)c1cccc(c1)Oc1[n][n]c(c2ccccc21)-c1ccc(F)cc1,False
860032,Cc1cc([s]c1C(O)=O)S(=O)(=O)N(C)c1cc(C)cc(C)c1,False
123666,CN1C(C)=C(NC(=O)c2cc(o[n]2)-c2ccccc2)C(=O)N1c1ccccc1,False
284653,CCCCOc1ccc(cc1)S(=O)(=O)Nc1cc(ccc1OC)OC,False
257406,NN1C(O)=C(SC1=S)C1=C2C=C(C=CC2=NC1=O)[N+]([O-])=O,False
580332,CN(Cc1c[s]c(C)[n]1)C(=O)CC1(CC(=O)N(CCOC)C1=O)c1ccccc1F,False
211619,O=C(CSC1=NNC(=O)N1c1ccc2OCCOc2c1)Nc1ccccc1,False
947495,Cc1cccc(NC(=O)N2CCCC2C(=O)Nc2[n][n]c([s]2)-c2cc(ccc2)OC)c1C,False
959717,OC(COc1cc(CN2CCN(CC2)c2cccc[n]2)ccc1)CN1CCC(O)CC1,False
820093,Cc1cc2C(O)CC3(CCN(CC(O)c4c[n](CC)c5ccccc54)CC3)Oc2cc1,False
404872,CC1=Cc2ccccc2C(=O)N1CC(=O)N1CCN(CC1)c1cc(Cl)ccc1,False
518752,CCOC(=O)C1CC(ON=1)c1ccc(cc1)N1CCN(CC1)Cc1ccc(cc1)[N+]([O-])=O,False
135609,CC(C(=O)NC1CCCCCC1)[n]1cc(c[n]1)[N+]([O-])=O,False
900535,Cc1cc(C(=O)N2CCCC2c2[nH][n]c([n]2)-c2cc[n]cc2)c(C)[nH]1,False
560745,CC1=C(C(NC(=O)N1Cc1ccc[s]1)c1cccc(F)c1)C(=O)OCC,False
184134,OC(=O)CCCC(=O)N1CCOCCOCCOCCOCC1,False
448202,Cc1ccccc1CN1CCN(CC1)C(=O)c1cccc2ccccc21,False
180913,Cc1cc(c(cc1)OC)S(=O)(=O)Nc1ccc(F)c(Cl)c1,False
245909,COC(=O)c1[s]c(N)c(c1CSc1[n][n]c([n]1C)C(F)(F)F)C(=O)OC,False
1577,CCC12CCC3C4CCC(=O)C=C4CCC3C1CCC2(O)C#C,False
702612,O=C(CSc1[n][nH]c([n]1)-c1ccco1)NCc1ccccc1,False
201760,Cc1cccc2C=C(CN(Cc3ccccc3)C(=O)c3ccco3)C(=O)Nc21,False
98075,CCC1N(CCN1c1ccccc1)c1ccccc1,False
398354,COc1cc(ccc1-[n]1c[n][n][n]1)S(=O)(=O)NCCc1cc2OCOc2cc1,False
400009,COc1ccc(Br)cc1C(=O)NCc1c[n]ccc1,False
682911,COc1ccc(cc1)C(O)=C1C(c2cccc(c2)Oc2ccccc2)N(Cc2c[n]ccc2)C(=O)C1=O,False
324243,Cc1cccc(NC(=O)CN2C=Nc3c(c[n][n]3-c3ccccc3)C2=O)c1C,False
533124,O=S(=O)(Cc1ccccc1)Nc1ccc(cc1)S(=O)(=O)N1CCCCC1,False
216735,C[n]1c2ccc(cc2[n]c1CCN1CCOCC1)NC(=O)CC(C)C,False
411817,OC(=O)C=CC(=O)NCCc1c[nH]c2ccccc12,False
58704,COc1cc2CNc3c([n]c[n]c3NCc3ccccc3)Oc2cc1,False
734470,Cc1c(C=NC(C)C2CC3CC2CC3)c2ccccc2[n]1CC,False
603873,COc1ccc(CNC2CCCc3ccccc32)cc1OC,False
920203,CCN1CCN(CC1)C(=O)CCC1CCN(CC1)C(=O)c1cccc(c1)C(=O)OC,False
278683,CN(C)Cc1c(O)ccc2c1c(C(=O)OCC)c(C)[n]2C,False
755689,CC[n]1cc(C[n]2cc[n]c2-c2ccc3cccc(OC)c3[n]2)c[n]1,False
797161,COCCN1C(=O)c2ccc(cc2C1=O)C(=O)NCc1ccccc1,False
285582,O=S(=O)(NCc1c[n]2cc[s]c2[n]1)c1ccc(cc1)Oc1ccccc1,False
698555,C[n]1[n]c(COCc2ccc(C)cc2)c2CN(CCc12)C(=O)Nc1ccccc1,False
931521,Cc1[n]c2ccccc2[n]1Cc1cc([n]o1)C(=O)NCC1CCCCO1,False
242612,OC(O)C1=CC(=O)Nc2ccc(cc12)Oc1cc2c(cc1)NC(=O)C=C2C(O)O,False
747774,Cc1cc(ccc1SC)Oc1[n]cccc1C(NO)=NCc1cc[n]cc1,False
216551,CC(=O)Nc1cc(NC(C)C(=O)Nc2ccc(F)cc2)c(cc1)OC,False
800959,COc1cc(ccc1)NC(=O)CN1CN(c2ccccc2)C2(CCN(CC2)C(=O)C2CCC2)C1=O,False
791051,CCCCC(CNC(=O)C(=O)Nc1ccc(cc1)OCC)CC,False
343087,COc1cc(ccc1F)S(=O)(=O)NC(c1ccccc1)c1ccccc1,False
958062,Cc1ccc(cc1)N(c1[n]c(CN2CCN(CC2)c2ccc(c[n]2)C#N)c[s]1)C(C)=O,False
341114,O=C(c1ccc2OCCOc2c1)N(Cc1cccc[n]1)c1[n]c2ccc(F)cc2[s]1,False
772179,COC(=O)c1ccc(cc1)NC(=O)CSc1[n][n]c(o1)-c1ccc(Cl)cc1Cl,False
188716,COc1cc(ccc1OC)-c1cc([n]o1)C(=O)N1CCOCC1,False
798030,OC(=O)c1ccccc1SC1CC(=O)N(c2ccccc2Br)C1=O,False
270597,O=C(Nc1[n][nH]c2ccccc21)C1CC1,False
909373,Cc1cc2occ(CC(=O)N3CC(CCC3)c3cc[n][nH]3)c2c(C)c1,False
498323,CN1CCN2C(C1)C1(Cc3cc(N)ccc23)C(=O)NC(=O)NC1=O,False
950956,CN(C)CCN(c1[n]c2ccc(cc2[s]1)S(C)(=O)=O)C(=O)Cc1ccccc1,False
594062,COc1ccc(CN2CC3(CN(CCOC)CCC3)CC2)cc1F,False
382081,CC(NC(=O)c1cc[n]cc1)C(c1ccc[s]1)N1CCOCC1,False
962513,CCNC(=S)N(Cc1cc(Cl)ccc1OCc1[n]c(CO)c[s]1)C(C)C,False
852189,CC1CCCCC1NC(=O)CN1c2ccccc2C(=O)N2CCCC2C1=O,False
49324,Nc1[n]c(CN2CCN(CC2)c2cccc[n]2)[n]c(Nc2ccc(F)cc2)[n]1,False
354004,[O-][N+](=O)c1cc(ccc1)C(=O)NCC[n]1ccc2ccccc12,False
241264,CCOc1cc(CNc2c[n]cc([n]2)-[n]2ccc[n]2)ccc1,False
332851,Cc1cc[s]c1CNC12CC3CC(C1)CC(C2)C3,False
977643,CCOC(=O)C1CN(C2C1Oc1c2cccc1C)C(=O)c1ccc(cc1)NC(C)=O,False
835045,O=C(CS(=O)(=O)Cc1ccc(Cl)cc1)NCc1ccc[s]1,False
720311,O=C(Cc1ccccc1)N1CCN(Cc2ccccc2Cl)CC1,False
22900,CC(=O)SCC(C)C(=O)N1CCCC1C(O)=O,False
804010,CNC(=O)NC(=O)C(C)Sc1[n][n][n][n]1-c1ccccc1,False
